domain,label
paytm-update.xyz,1
paytm.com,0
paytn-support.net,1
phonepe.com,0
ph0nepe-kyc.com,1
gpay-rewards.buzz,1
pay.google.com,0
razorpay-secure-login.tk,1
razorpay.com,0
onlinesbi.sbi,0
onlinesbi-refund.com,1
hdfcbank.com,0
hdfc-reward-point.ml,1
npci.org.in,0
npci-complaint.xyz,1
bhim-app.site,1
my-random-blog.com,0
login-to-your-account.com,1
secure-verify-now.xyz,1
amazon.com,0
amazon-pay-cashback.top,1
apple.com,0
paytm-mall-shop.com,1
github.com,0
microsoft.com,0
payguard.io,0
payguard-verify.buzz,1
sbi-card-update.com,1
gpay-scratch-card.work,1
hdfcb-netbanking.com,1
legit-company-paytm-partner.com,0
phonepe-merchant-support.com,1
